dataset,alpha,method,round,mean_percent,sample_sd_percent,n_seeds
bloodmnist,0.5,fedavg,1,7.807797016059317,8.509580173688388,3
bloodmnist,0.5,fedavg,15,49.96295002940357,9.364986565148843,3
bloodmnist,0.5,fedavg,30,59.30127622100892,9.765935200656426,3
bloodmnist,0.5,fedavg,45,61.18370375292366,9.806694734550973,3
bloodmnist,0.5,fedavg,60,67.22706451550192,6.663807191937521,3
bloodmnist,0.5,fedavg,75,70.75534326844165,6.690278222117066,3
bloodmnist,0.5,fedavg,90,56.00693215460592,25.89428134676322,3
bloodmnist,0.5,fedavg,105,61.124129447145826,24.222537753759717,3
bloodmnist,0.5,fedavg,120,68.6241461487774,11.842855964750237,3
bloodmnist,0.5,fedavg,135,64.98797422557499,6.946074983071598,3
bloodmnist,0.5,fedavg,150,62.24455366345553,23.97074267718844,3
bloodmnist,0.5,fedavg,165,76.17367599497848,5.151102238466557,3
bloodmnist,0.5,fedavg,180,77.5775992931665,3.0548602545879895,3
bloodmnist,0.5,fedavg,195,79.27692924501797,2.200772030282861,3
bloodmnist,0.5,fedavg,210,79.4876988683364,3.844954147587967,3
bloodmnist,0.5,fedavg,225,77.38711929402403,1.3655410571748308,3
bloodmnist,0.5,fedavg,240,77.55765965121019,4.665322225329523,3
bloodmnist,0.5,fedavg,255,78.90928267970033,3.1456614447151807,3
bloodmnist,0.5,fedavg,270,79.53465452821617,3.3133004290386125,3
bloodmnist,0.5,fedavg,285,79.64640748676923,2.670893991075156,3
bloodmnist,0.5,fedavg,300,79.4042359182541,2.419384116487208,3
bloodmnist,0.5,fedpac,1,7.962415446506516,8.554266183458914,3
bloodmnist,0.5,fedpac,15,46.19557846490057,3.1112239881386294,3
bloodmnist,0.5,fedpac,30,56.61133296206908,7.644122633770989,3
bloodmnist,0.5,fedpac,45,60.4753185154733,8.468394874113734,3
bloodmnist,0.5,fedpac,60,61.91193124158281,11.182401882229525,3
bloodmnist,0.5,fedpac,75,64.96195526375041,7.185583493341585,3
bloodmnist,0.5,fedpac,90,59.18433183469133,12.357836684484637,3
bloodmnist,0.5,fedpac,105,66.59695494582921,11.643121388541408,3
bloodmnist,0.5,fedpac,120,65.61973836670387,11.480749814229119,3
bloodmnist,0.5,fedpac,135,68.22600539715822,11.431257644704255,3
bloodmnist,0.5,fedpac,150,62.05555142855306,23.341896678015704,3
bloodmnist,0.5,fedpac,165,70.40032820670255,10.214514616944177,3
bloodmnist,0.5,fedpac,180,75.94750382240946,4.298795705619136,3
bloodmnist,0.5,fedpac,195,78.60333310372764,5.00166008405882,3
bloodmnist,0.5,fedpac,210,76.83191363982759,5.966630711414814,3
bloodmnist,0.5,fedpac,225,77.20313951251036,2.5730425134490114,3
bloodmnist,0.5,fedpac,240,78.76492320732918,4.496979666400214,3
bloodmnist,0.5,fedpac,255,77.58508976798186,3.8989528847205785,3
bloodmnist,0.5,fedpac,270,78.46572031871736,4.134592033748879,3
bloodmnist,0.5,fedpac,285,77.56702677656945,2.839852670883284,3
bloodmnist,0.5,fedpac,300,77.51796489197869,3.869106848402406,3
bloodmnist,0.5,fedsa,1,14.44982966756713,3.992642832292321,3
bloodmnist,0.5,fedsa,15,46.40957019517241,5.2319965783161555,3
bloodmnist,0.5,fedsa,30,51.17595925789786,3.3257764706266038,3
bloodmnist,0.5,fedsa,45,46.750496329165486,12.403202992842212,3
bloodmnist,0.5,fedsa,60,46.79085427789292,8.67792104034743,3
bloodmnist,0.5,fedsa,75,48.20602866601698,11.986553040235902,3
bloodmnist,0.5,fedsa,90,39.83696124674874,30.906154311322332,3
bloodmnist,0.5,fedsa,105,46.349727508087405,4.152095883591361,3
bloodmnist,0.5,fedsa,120,53.80934901583807,2.6902526920857164,3
bloodmnist,0.5,fedsa,135,47.55708501780405,9.425702404973554,3
bloodmnist,0.5,fedsa,150,53.36499507542319,14.245923862716088,3
bloodmnist,0.5,fedsa,165,57.046223460463395,2.64023429313932,3
bloodmnist,0.5,fedsa,180,57.26653768400852,8.468553389263722,3
bloodmnist,0.5,fedsa,195,68.6658125604939,2.1863268436527994,3
bloodmnist,0.5,fedsa,210,68.13385248280304,3.5182127713329416,3
bloodmnist,0.5,fedsa,225,69.76078862632407,3.2049007008294863,3
bloodmnist,0.5,fedsa,240,71.09541478449479,1.5855835177571669,3
bloodmnist,0.5,fedsa,255,69.49982212013443,3.381361390036168,3
bloodmnist,0.5,fedsa,270,70.28616855494829,2.7491352241498115,3
bloodmnist,0.5,fedsa,285,69.52164299285307,1.9334342558339943,3
bloodmnist,0.5,fedsa,300,71.85038366078231,1.903840467597506,3
bloodmnist,0.5,cwfedavg,1,7.307558775289863,2.876317185682425,3
bloodmnist,0.5,cwfedavg,15,41.98830617532386,3.3321308478608707,3
bloodmnist,0.5,cwfedavg,30,53.09320628189487,6.735076113839576,3
bloodmnist,0.5,cwfedavg,45,54.740499942286995,9.62312307358459,3
bloodmnist,0.5,cwfedavg,60,52.83477166134556,9.439029214543481,3
bloodmnist,0.5,cwfedavg,75,49.83184306298344,18.996771609161655,3
bloodmnist,0.5,cwfedavg,90,55.75524554673691,7.206613500253467,3
bloodmnist,0.5,cwfedavg,105,52.25762027191449,16.857737418547586,3
bloodmnist,0.5,cwfedavg,120,55.3134200562105,8.176294260671048,3
bloodmnist,0.5,cwfedavg,135,55.565285766622715,14.854708468288331,3
bloodmnist,0.5,cwfedavg,150,54.75203297729329,17.3923802259015,3
bloodmnist,0.5,cwfedavg,165,53.059736565082765,19.746318284107133,3
bloodmnist,0.5,cwfedavg,180,59.462568781840275,15.879947585221485,3
bloodmnist,0.5,cwfedavg,195,62.28027952680984,17.505379106766867,3
bloodmnist,0.5,cwfedavg,210,59.40206329775095,19.3667024345542,3
bloodmnist,0.5,cwfedavg,225,60.321301068855476,14.676996389283081,3
bloodmnist,0.5,cwfedavg,240,56.81324066620247,20.464169206281703,3
bloodmnist,0.5,cwfedavg,255,55.320607695707665,21.67655751814192,3
bloodmnist,0.5,cwfedavg,270,57.10318261595864,20.8429079818429,3
bloodmnist,0.5,cwfedavg,285,56.64803314527974,21.5884313822437,3
bloodmnist,0.5,cwfedavg,300,59.27868037507632,18.5311738626642,3
bloodmnist,0.5,cwt,1,14.627826659667724,5.135310289096965,3
bloodmnist,0.5,cwt,15,55.14867141963536,11.245055720218362,3
bloodmnist,0.5,cwt,30,64.69991376341973,3.73599121221264,3
bloodmnist,0.5,cwt,45,54.72066722644459,27.110243957378312,3
bloodmnist,0.5,cwt,60,59.90969415698575,8.607521809784178,3
bloodmnist,0.5,cwt,75,49.73195184966882,29.424375234499827,3
bloodmnist,0.5,cwt,90,69.54863992524005,6.962939816860356,3
bloodmnist,0.5,cwt,105,71.1207417562218,3.354827379097543,3
bloodmnist,0.5,cwt,120,76.60516871474464,1.770088179793142,3
bloodmnist,0.5,cwt,135,73.85167382524907,8.79252947456338,3
bloodmnist,0.5,cwt,150,66.94212757135568,11.900477590969917,3
bloodmnist,0.5,cwt,165,73.92952110014957,5.0752654055699695,3
bloodmnist,0.5,cwt,180,73.77111038052705,7.985845688994612,3
bloodmnist,0.5,cwt,195,79.57803341448587,3.9861828627027,3
bloodmnist,0.5,cwt,210,79.67871054456647,4.582922298273444,3
bloodmnist,0.5,cwt,225,78.3278717492092,4.721571129684956,3
bloodmnist,0.5,cwt,240,78.46342940956399,5.858149298799227,3
bloodmnist,0.5,cwt,255,79.40135717056614,3.8393448056866473,3
bloodmnist,0.5,cwt,270,79.22042638414408,1.1473311781447124,3
bloodmnist,0.5,cwt,285,80.77085126994004,4.207160304890023,3
bloodmnist,0.5,cwt,300,79.37937838833554,1.087797329143721,3
bloodmnist,0.5,fedseq,1,6.990670535129215,4.783493078095776,3
bloodmnist,0.5,fedseq,15,57.47275397426153,6.209684189987465,3
bloodmnist,0.5,fedseq,30,63.090827976306564,7.418828597205544,3
bloodmnist,0.5,fedseq,45,65.4323583723014,11.982725303801928,3
bloodmnist,0.5,fedseq,60,56.83113845280939,14.381334020734448,3
bloodmnist,0.5,fedseq,75,73.4569698890381,6.525723440093207,3
bloodmnist,0.5,fedseq,90,70.18310282048205,9.549019062372238,3
bloodmnist,0.5,fedseq,105,74.42222672861664,0.6329899670880196,3
bloodmnist,0.5,fedseq,120,69.74719994787974,4.360586595579263,3
bloodmnist,0.5,fedseq,135,52.36481125692387,33.29290888230343,3
bloodmnist,0.5,fedseq,150,73.6393041501664,9.61314222053493,3
bloodmnist,0.5,fedseq,165,78.22756387122917,3.2907486749767973,3
bloodmnist,0.5,fedseq,180,71.50121913406053,7.692386972586836,3
bloodmnist,0.5,fedseq,195,80.5344312439685,3.138699482108031,3
bloodmnist,0.5,fedseq,210,79.60220939516404,4.026705992159134,3
bloodmnist,0.5,fedseq,225,78.86374536846478,3.32482547877254,3
bloodmnist,0.5,fedseq,240,75.76017553744035,8.280502429665956,3
bloodmnist,0.5,fedseq,255,80.49416405527914,3.6018132282731647,3
bloodmnist,0.5,fedseq,270,80.5410051941423,3.162241640614177,3
bloodmnist,0.5,fedseq,285,80.26380749742316,2.600145632741769,3
bloodmnist,0.5,fedseq,300,79.82508372227339,3.3049162622271746,3
bloodmnist,0.5,fedtriad,1,11.662432368924515,7.61945564459822,3
bloodmnist,0.5,fedtriad,15,60.39530653993586,9.502535728028965,3
bloodmnist,0.5,fedtriad,30,68.71489149386477,7.3344505274563225,3
bloodmnist,0.5,fedtriad,45,71.27645136977489,7.85535449059965,3
bloodmnist,0.5,fedtriad,60,72.99888437415153,4.992804810056377,3
bloodmnist,0.5,fedtriad,75,74.50927780624986,5.485621098984727,3
bloodmnist,0.5,fedtriad,90,73.74796306878517,5.120704684634159,3
bloodmnist,0.5,fedtriad,105,76.46535053024404,6.089550900421153,3
bloodmnist,0.5,fedtriad,120,77.69571446619727,2.4696099192455048,3
bloodmnist,0.5,fedtriad,135,75.97264276756202,7.763106754513823,3
bloodmnist,0.5,fedtriad,150,76.2620605002061,2.4675822751645633,3
bloodmnist,0.5,fedtriad,165,76.50080991674326,7.429771673355679,3
bloodmnist,0.5,fedtriad,180,79.35902398390763,4.855081713767815,3
bloodmnist,0.5,fedtriad,195,81.56193621426817,4.213378910665268,3
bloodmnist,0.5,fedtriad,210,80.44446086922629,3.504997967149083,3
bloodmnist,0.5,fedtriad,225,80.43757653421032,1.5947857625085837,3
bloodmnist,0.5,fedtriad,240,79.8296473007108,3.8147215850106293,3
bloodmnist,0.5,fedtriad,255,82.06958633395853,4.0890255671270666,3
bloodmnist,0.5,fedtriad,270,82.36830262992638,4.35381805338727,3
bloodmnist,0.5,fedtriad,285,81.98980315150664,4.461124455773309,3
bloodmnist,0.5,fedtriad,300,81.18223697888513,2.29265831587634,3
organamnist,0.5,fedavg,1,12.689321419767513,8.202817108370477,3
organamnist,0.5,fedavg,15,79.12604373859476,1.990658117092275,3
organamnist,0.5,fedavg,30,83.49404083578028,4.130701408100929,3
organamnist,0.5,fedavg,45,86.37799374963046,2.3592370670527174,3
organamnist,0.5,fedavg,60,81.45624740407858,1.6232875735309187,3
organamnist,0.5,fedavg,75,88.24626168175429,3.7179951599602075,3
organamnist,0.5,fedavg,90,64.77571923918293,41.889596148905206,3
organamnist,0.5,fedavg,105,87.70118823411697,2.673140614972828,3
organamnist,0.5,fedavg,120,88.09023710848011,4.012484878886016,3
organamnist,0.5,fedavg,135,85.95100339004793,1.5500690730672229,3
organamnist,0.5,fedavg,150,86.01656487515413,4.102746731218376,3
organamnist,0.5,fedavg,165,84.8240055457552,4.357238267336555,3
organamnist,0.5,fedavg,180,88.8010361446181,3.272311415235746,3
organamnist,0.5,fedavg,195,89.30869825958177,2.9092070471849794,3
organamnist,0.5,fedavg,210,88.94439649165392,3.3623208278850836,3
organamnist,0.5,fedavg,225,88.84169855367321,3.7464488713654736,3
organamnist,0.5,fedavg,240,88.54558344328362,3.5702357892916874,3
organamnist,0.5,fedavg,255,89.3673519221038,2.9433396913918357,3
organamnist,0.5,fedavg,270,89.26819501149019,3.1906908600712067,3
organamnist,0.5,fedavg,285,89.17610100066447,3.144919128369252,3
organamnist,0.5,fedavg,300,89.15110046948358,3.1196933602052117,3
organamnist,0.5,fedpac,1,14.36305956388083,7.1336982631203,3
organamnist,0.5,fedpac,15,68.1042390396773,3.720154796852114,3
organamnist,0.5,fedpac,30,78.79474187577317,2.8995402929891454,3
organamnist,0.5,fedpac,45,82.2045937723282,2.844309678509904,3
organamnist,0.5,fedpac,60,81.62120423115697,4.409556049590488,3
organamnist,0.5,fedpac,75,84.92978105999151,3.8005712135355805,3
organamnist,0.5,fedpac,90,79.93065042503483,11.700495761121495,3
organamnist,0.5,fedpac,105,85.45841752732625,3.418632292747092,3
organamnist,0.5,fedpac,120,80.05329264245984,13.056687288410826,3
organamnist,0.5,fedpac,135,80.36229133443975,6.570107955646486,3
organamnist,0.5,fedpac,150,78.99929748824833,10.709652998279758,3
organamnist,0.5,fedpac,165,62.13981416474592,44.03545613378628,3
organamnist,0.5,fedpac,180,66.40265554133421,38.40706404209787,3
organamnist,0.5,fedpac,195,77.25934041294714,21.33784057600368,3
organamnist,0.5,fedpac,210,74.16844171391983,25.75122832644301,3
organamnist,0.5,fedpac,225,70.05765460898768,34.08132480445701,3
organamnist,0.5,fedpac,240,74.17248354549444,26.770339303524832,3
organamnist,0.5,fedpac,255,66.45429186127684,40.7019545175911,3
organamnist,0.5,fedpac,270,80.82638729948403,15.569196598487652,3
organamnist,0.5,fedpac,285,83.54277534489108,10.967499912177749,3
organamnist,0.5,fedpac,300,83.31906432211665,11.577509503183801,3
organamnist,0.5,fedsa,1,23.98075566067031,7.459138235449559,3
organamnist,0.5,fedsa,15,67.19257268078529,4.410945452714954,3
organamnist,0.5,fedsa,30,71.8240257288414,3.7315340914164286,3
organamnist,0.5,fedsa,45,53.54547768188,33.53223226164456,3
organamnist,0.5,fedsa,60,74.03435158263366,6.795266859206638,3
organamnist,0.5,fedsa,75,75.41012924869834,7.518350328858192,3
organamnist,0.5,fedsa,90,74.26207350489464,4.537235668137363,3
organamnist,0.5,fedsa,105,77.44965012335456,1.7210051660217687,3
organamnist,0.5,fedsa,120,77.0287232413842,9.022405313411387,3
organamnist,0.5,fedsa,135,75.45887448583434,6.621351108569313,3
organamnist,0.5,fedsa,150,63.656619245864256,25.748719004030068,3
organamnist,0.5,fedsa,165,81.6377833452252,3.3533974499342025,3
organamnist,0.5,fedsa,180,76.20661940378292,4.596004919385559,3
organamnist,0.5,fedsa,195,82.26042983295338,2.4589894438116664,3
organamnist,0.5,fedsa,210,82.85526106996721,3.6839421467385756,3
organamnist,0.5,fedsa,225,83.27575681980336,3.862315511846558,3
organamnist,0.5,fedsa,240,82.58827172136218,3.4511273101274895,3
organamnist,0.5,fedsa,255,83.13106477968653,4.034192667580924,3
organamnist,0.5,fedsa,270,83.29090254092756,3.480778704049769,3
organamnist,0.5,fedsa,285,81.9406353925873,4.051189282889825,3
organamnist,0.5,fedsa,300,82.73820726699279,3.7783106645303928,3
organamnist,0.5,cwfedavg,1,12.670090175483413,2.143935513329195,3
organamnist,0.5,cwfedavg,15,50.39984999526364,13.609995959247575,3
organamnist,0.5,cwfedavg,30,54.43815629595933,15.365019808793493,3
organamnist,0.5,cwfedavg,45,57.01943977054657,11.005865179864546,3
organamnist,0.5,cwfedavg,60,57.68406033140571,10.596214294221186,3
organamnist,0.5,cwfedavg,75,62.04171759916901,6.9231888086758735,3
organamnist,0.5,cwfedavg,90,60.70618348094626,12.15083652325384,3
organamnist,0.5,cwfedavg,105,67.48122529742005,8.3259587898433,3
organamnist,0.5,cwfedavg,120,66.40381574483524,6.96417922262048,3
organamnist,0.5,cwfedavg,135,60.55509907205381,14.645004289425902,3
organamnist,0.5,cwfedavg,150,63.6325929265129,10.310749421711705,3
organamnist,0.5,cwfedavg,165,67.89886112598448,6.4042535432054555,3
organamnist,0.5,cwfedavg,180,66.21308980951187,7.633662782005494,3
organamnist,0.5,cwfedavg,195,80.09719652626731,6.4340170462377335,3
organamnist,0.5,cwfedavg,210,77.6466712114336,10.206237089260775,3
organamnist,0.5,cwfedavg,225,79.44139594116982,9.600134188950479,3
organamnist,0.5,cwfedavg,240,71.97837163932037,18.926651842159007,3
organamnist,0.5,cwfedavg,255,72.52927471377858,21.31548964729864,3
organamnist,0.5,cwfedavg,270,81.41561413748533,6.450597340846201,3
organamnist,0.5,cwfedavg,285,82.70230966762671,6.234189501147006,3
organamnist,0.5,cwfedavg,300,80.56749739148336,8.88546576137427,3
organamnist,0.5,cwt,1,23.155090830611595,4.395440101876571,3
organamnist,0.5,cwt,15,80.83992556823931,8.719851085838682,3
organamnist,0.5,cwt,30,65.69458881379178,35.887166462281606,3
organamnist,0.5,cwt,45,84.76500847976891,3.3570428423922785,3
organamnist,0.5,cwt,60,86.47545699273343,5.238106891059883,3
organamnist,0.5,cwt,75,87.28351503165109,3.744068027747502,3
organamnist,0.5,cwt,90,88.31910927044925,2.6448125205565582,3
organamnist,0.5,cwt,105,88.30471136472465,2.791357442939911,3
organamnist,0.5,cwt,120,85.72082421525515,3.80501836847719,3
organamnist,0.5,cwt,135,88.2922000439026,4.541296827800152,3
organamnist,0.5,cwt,150,87.0066911060363,2.930667726515727,3
organamnist,0.5,cwt,165,88.63802737577929,3.7832764403216403,3
organamnist,0.5,cwt,180,88.45728571064387,3.181557748306382,3
organamnist,0.5,cwt,195,88.36301015821617,2.8447298745894014,3
organamnist,0.5,cwt,210,88.9889395718315,2.874473184796079,3
organamnist,0.5,cwt,225,88.28354282758573,3.2884203808303205,3
organamnist,0.5,cwt,240,89.54224337573257,2.860782254394262,3
organamnist,0.5,cwt,255,89.23844191680877,2.940700642392839,3
organamnist,0.5,cwt,270,88.17532089957365,3.2830510488623696,3
organamnist,0.5,cwt,285,89.50765373650069,1.8693722634212588,3
organamnist,0.5,cwt,300,88.53977957785067,3.6495394282551255,3
organamnist,0.5,fedseq,1,18.144557836459768,1.2848947844993988,3
organamnist,0.5,fedseq,15,82.99320494938712,4.97354335220231,3
organamnist,0.5,fedseq,30,84.93860139709199,3.997058478088738,3
organamnist,0.5,fedseq,45,87.07305910761676,3.4970952324926596,3
organamnist,0.5,fedseq,60,87.37466520724288,2.038494127790369,3
organamnist,0.5,fedseq,75,87.15191421585652,4.161745641318166,3
organamnist,0.5,fedseq,90,84.5121270054446,5.489635106719245,3
organamnist,0.5,fedseq,105,87.14838531365106,3.89929552172859,3
organamnist,0.5,fedseq,120,81.94506439510424,8.723624870222976,3
organamnist,0.5,fedseq,135,88.65971068428047,3.1103171989246268,3
organamnist,0.5,fedseq,150,87.87483937608417,2.57944912586427,3
organamnist,0.5,fedseq,165,85.76677847350348,3.3829497109577837,3
organamnist,0.5,fedseq,180,87.23133354466145,2.7600828795808354,3
organamnist,0.5,fedseq,195,88.91854609058612,2.8726410562305595,3
organamnist,0.5,fedseq,210,89.1686656138903,3.125869179469333,3
organamnist,0.5,fedseq,225,88.53901181069854,3.559839858958609,3
organamnist,0.5,fedseq,240,88.95400548572988,3.338937996712134,3
organamnist,0.5,fedseq,255,89.3635574012429,2.7423849692706805,3
organamnist,0.5,fedseq,270,88.5393274080604,2.8329717210906424,3
organamnist,0.5,fedseq,285,88.95525608093878,2.331849402486137,3
organamnist,0.5,fedseq,300,89.50118006533259,2.8523092360751874,3
organamnist,0.5,fedtriad,1,27.80688566486799,5.464350988469847,3
organamnist,0.5,fedtriad,15,86.13575417503479,3.3295944291444397,3
organamnist,0.5,fedtriad,30,87.51790214282971,2.9412211612013786,3
organamnist,0.5,fedtriad,45,88.08350518393675,2.8094156614027543,3
organamnist,0.5,fedtriad,60,88.61984975534067,2.504045519439364,3
organamnist,0.5,fedtriad,75,89.83908578800384,1.815656649408163,3
organamnist,0.5,fedtriad,90,88.60027193963762,3.073526116376645,3
organamnist,0.5,fedtriad,105,89.83780756799858,2.54651537008114,3
organamnist,0.5,fedtriad,120,88.81479592073275,3.3771092329774017,3
organamnist,0.5,fedtriad,135,89.71864010061049,2.23892763058071,3
organamnist,0.5,fedtriad,150,89.33466440772547,2.59682856439164,3
organamnist,0.5,fedtriad,165,89.46048735374592,2.683084139882769,3
organamnist,0.5,fedtriad,180,89.67961878754515,2.5340948684322373,3
organamnist,0.5,fedtriad,195,90.2451683484767,2.8893560654651926,3
organamnist,0.5,fedtriad,210,89.6935478285114,2.84759982576075,3
organamnist,0.5,fedtriad,225,89.6405430382578,2.679823476084581,3
organamnist,0.5,fedtriad,240,89.68991347740669,3.094615194761707,3
organamnist,0.5,fedtriad,255,90.1678270869874,3.161681511023405,3
organamnist,0.5,fedtriad,270,90.17787777838353,2.668199537337862,3
organamnist,0.5,fedtriad,285,90.1211379570127,2.7229563298972357,3
organamnist,0.5,fedtriad,300,90.16655370781011,2.9067902040611986,3
pathmnist,0.5,fedavg,1,24.00072846032779,9.860933889716744,3
pathmnist,0.5,fedavg,15,59.057486962640695,12.03395208740215,3
pathmnist,0.5,fedavg,30,66.42907117612853,7.5397603654357646,3
pathmnist,0.5,fedavg,45,68.51724968286834,8.954804895960557,3
pathmnist,0.5,fedavg,60,70.55973960156828,11.962945385007131,3
pathmnist,0.5,fedavg,75,71.10936133583866,8.073319902320721,3
pathmnist,0.5,fedavg,90,76.17299345264684,4.861397868404484,3
pathmnist,0.5,fedavg,105,72.36574294009661,6.689186992264625,3
pathmnist,0.5,fedavg,120,74.9521999952926,11.624863881085666,3
pathmnist,0.5,fedavg,135,79.24556438263748,8.23548543259649,3
pathmnist,0.5,fedavg,150,79.28990781307702,7.1434225461312275,3
pathmnist,0.5,fedavg,165,78.9285152345159,8.471652161283734,3
pathmnist,0.5,fedavg,180,78.27664859481072,5.016826637620167,3
pathmnist,0.5,fedavg,195,81.5647894898697,6.390654455867511,3
pathmnist,0.5,fedavg,210,81.4737135152863,6.530267482478879,3
pathmnist,0.5,fedavg,225,81.45360827089156,6.403004883464731,3
pathmnist,0.5,fedavg,240,81.58329515917053,7.106931445822688,3
pathmnist,0.5,fedavg,255,81.26725982321206,6.843718274226364,3
pathmnist,0.5,fedavg,270,81.88640986001766,6.7792748871892075,3
pathmnist,0.5,fedavg,285,81.84756875903774,6.50999606963697,3
pathmnist,0.5,fedavg,300,81.28905920320815,6.668120751214072,3
pathmnist,0.5,fedpac,1,26.54905482775505,8.133506997002767,3
pathmnist,0.5,fedpac,15,62.89684087825816,6.953575185597968,3
pathmnist,0.5,fedpac,30,68.55795090412266,10.027926466408989,3
pathmnist,0.5,fedpac,45,73.32771031446043,7.617764316822525,3
pathmnist,0.5,fedpac,60,73.76085834520443,11.388303439935662,3
pathmnist,0.5,fedpac,75,75.27102091888919,6.336614510393938,3
pathmnist,0.5,fedpac,90,77.51164162326779,7.294871571033695,3
pathmnist,0.5,fedpac,105,72.37759752225134,6.324113656135947,3
pathmnist,0.5,fedpac,120,71.33316530156502,17.6428178799573,3
pathmnist,0.5,fedpac,135,79.75722108550235,6.842110759752156,3
pathmnist,0.5,fedpac,150,78.04786997106939,8.288472902429868,3
pathmnist,0.5,fedpac,165,79.42004141370967,6.5260191916317245,3
pathmnist,0.5,fedpac,180,74.73060140344926,6.939719309594912,3
pathmnist,0.5,fedpac,195,82.91318843207631,7.313465349320493,3
pathmnist,0.5,fedpac,210,82.84813385998415,7.858015327687611,3
pathmnist,0.5,fedpac,225,82.81964329112806,7.037914139628344,3
pathmnist,0.5,fedpac,240,83.30575481849735,7.044129120476998,3
pathmnist,0.5,fedpac,255,83.14431517985255,7.315728997606743,3
pathmnist,0.5,fedpac,270,83.17118305807261,7.493943572452084,3
pathmnist,0.5,fedpac,285,83.29762777313515,7.223376438273874,3
pathmnist,0.5,fedpac,300,83.67105025033656,6.457634385930644,3
pathmnist,0.5,fedsa,1,21.18412204250669,5.494082956003282,3
pathmnist,0.5,fedsa,15,53.309969011964704,3.4422779659413747,3
pathmnist,0.5,fedsa,30,55.64265617126375,10.131979018229035,3
pathmnist,0.5,fedsa,45,57.170292299267395,8.710809084301864,3
pathmnist,0.5,fedsa,60,55.15522121309242,6.5952535245913815,3
pathmnist,0.5,fedsa,75,62.74756896360809,8.744182889943106,3
pathmnist,0.5,fedsa,90,61.95395597850368,8.871128094076832,3
pathmnist,0.5,fedsa,105,68.0230598764796,6.348185057935412,3
pathmnist,0.5,fedsa,120,66.5928413156478,12.858867149001659,3
pathmnist,0.5,fedsa,135,64.13430596104645,8.662229229306362,3
pathmnist,0.5,fedsa,150,67.16270171009815,4.772663345795256,3
pathmnist,0.5,fedsa,165,67.78995192753966,8.187435037030088,3
pathmnist,0.5,fedsa,180,65.23966966659394,8.827984489233684,3
pathmnist,0.5,fedsa,195,77.28231528356679,6.624776381690586,3
pathmnist,0.5,fedsa,210,76.83778997252985,7.541916139369747,3
pathmnist,0.5,fedsa,225,75.45334531084112,8.623463247287868,3
pathmnist,0.5,fedsa,240,77.11944230390691,6.6827618544473575,3
pathmnist,0.5,fedsa,255,76.23080176793151,8.287717227926153,3
pathmnist,0.5,fedsa,270,76.3820257179397,8.181205874127382,3
pathmnist,0.5,fedsa,285,76.18720282131264,7.809920161191063,3
pathmnist,0.5,fedsa,300,76.87429767354182,6.852590044309961,3
pathmnist,0.5,cwfedavg,1,19.81555229796882,1.8406228021935291,3
pathmnist,0.5,cwfedavg,15,44.826400572296386,7.599379338603617,3
pathmnist,0.5,cwfedavg,30,51.3125505868144,9.094178298070405,3
pathmnist,0.5,cwfedavg,45,53.02810421939669,6.071475231352872,3
pathmnist,0.5,cwfedavg,60,55.23786114374973,7.900514587728419,3
pathmnist,0.5,cwfedavg,75,56.019832142441295,8.212632676332385,3
pathmnist,0.5,cwfedavg,90,57.3813350250611,10.451273483470972,3
pathmnist,0.5,cwfedavg,105,54.87542857681074,8.97053521593623,3
pathmnist,0.5,cwfedavg,120,52.885665143326044,8.700104671920672,3
pathmnist,0.5,cwfedavg,135,61.20966386825576,9.579002943069046,3
pathmnist,0.5,cwfedavg,150,62.895141172448426,10.098396738742546,3
pathmnist,0.5,cwfedavg,165,62.9704762333743,7.661208941581255,3
pathmnist,0.5,cwfedavg,180,62.47031173519978,6.995372514803259,3
pathmnist,0.5,cwfedavg,195,63.46868473974131,8.554245417070963,3
pathmnist,0.5,cwfedavg,210,63.746906470599896,9.312793235134995,3
pathmnist,0.5,cwfedavg,225,65.9910639668403,12.639387057306104,3
pathmnist,0.5,cwfedavg,240,63.5980133444352,9.542761334995214,3
pathmnist,0.5,cwfedavg,255,61.278769331719566,8.162988745739147,3
pathmnist,0.5,cwfedavg,270,65.34698710236358,17.01228714036781,3
pathmnist,0.5,cwfedavg,285,68.04267863768438,19.07977867689518,3
pathmnist,0.5,cwfedavg,300,66.67464847562516,22.268577393818383,3
pathmnist,0.5,cwt,1,29.852330720121355,14.439978747033626,3
pathmnist,0.5,cwt,15,62.76696580331768,3.180821448406264,3
pathmnist,0.5,cwt,30,67.77761296159343,12.298519664282395,3
pathmnist,0.5,cwt,45,65.52364326332233,12.625510706710736,3
pathmnist,0.5,cwt,60,68.25878126334928,12.382855616491364,3
pathmnist,0.5,cwt,75,64.63198561518706,12.956547009122357,3
pathmnist,0.5,cwt,90,69.30680383211283,5.202522482908703,3
pathmnist,0.5,cwt,105,76.03438145471007,6.4127057520665876,3
pathmnist,0.5,cwt,120,69.36684649962444,14.073757790490601,3
pathmnist,0.5,cwt,135,77.62415942750648,9.53627810426525,3
pathmnist,0.5,cwt,150,78.02857912918891,4.604034338130262,3
pathmnist,0.5,cwt,165,67.1153789199356,15.675093468034435,3
pathmnist,0.5,cwt,180,76.38629556153853,9.234271426723822,3
pathmnist,0.5,cwt,195,81.07264778493084,5.3802522530527535,3
pathmnist,0.5,cwt,210,79.80314205869902,8.12085920335795,3
pathmnist,0.5,cwt,225,81.20747556263211,5.692449269130343,3
pathmnist,0.5,cwt,240,79.41903013573642,10.091640838622396,3
pathmnist,0.5,cwt,255,81.13572750801295,8.365399517147274,3
pathmnist,0.5,cwt,270,81.4802982813686,7.972780559536591,3
pathmnist,0.5,cwt,285,80.41979066838121,9.055135298977488,3
pathmnist,0.5,cwt,300,79.46163341648447,7.2612215511264875,3
pathmnist,0.5,fedseq,1,34.648639612591666,4.190715481158162,3
pathmnist,0.5,fedseq,15,65.5049243856204,8.796047057044898,3
pathmnist,0.5,fedseq,30,67.60067956111526,10.254432477622986,3
pathmnist,0.5,fedseq,45,67.0494278113624,6.311566304863218,3
pathmnist,0.5,fedseq,60,65.0782054141764,11.821901364962367,3
pathmnist,0.5,fedseq,75,56.28117417416255,32.818293627754905,3
pathmnist,0.5,fedseq,90,73.84431714859328,6.070349153917027,3
pathmnist,0.5,fedseq,105,77.10027860406468,6.460339045738174,3
pathmnist,0.5,fedseq,120,75.72511205988339,6.867960510394559,3
pathmnist,0.5,fedseq,135,76.12969615776697,9.233003045366118,3
pathmnist,0.5,fedseq,150,73.15958760072945,9.336446765361478,3
pathmnist,0.5,fedseq,165,75.29894048944851,8.566587149135339,3
pathmnist,0.5,fedseq,180,67.33006045175479,10.152215598225117,3
pathmnist,0.5,fedseq,195,80.89457931115663,5.919899655068552,3
pathmnist,0.5,fedseq,210,82.02907123670764,6.376150690007691,3
pathmnist,0.5,fedseq,225,80.4323604824408,5.544211067814999,3
pathmnist,0.5,fedseq,240,80.77511803081066,8.945052958417499,3
pathmnist,0.5,fedseq,255,81.25700020120826,7.295690899120307,3
pathmnist,0.5,fedseq,270,79.53379259059798,8.081461222044368,3
pathmnist,0.5,fedseq,285,80.99873517671466,7.879240208705387,3
pathmnist,0.5,fedseq,300,80.93032187801208,7.681322110333879,3
pathmnist,0.5,fedtriad,1,36.013352162182045,3.2354929286096032,3
pathmnist,0.5,fedtriad,15,69.63968076880286,9.617079643868065,3
pathmnist,0.5,fedtriad,30,75.75903843405001,5.013238809912914,3
pathmnist,0.5,fedtriad,45,77.61465121684088,8.639186788303693,3
pathmnist,0.5,fedtriad,60,77.92566648720552,5.670647488372168,3
pathmnist,0.5,fedtriad,75,78.90422654776505,7.701289038306124,3
pathmnist,0.5,fedtriad,90,81.4755886234537,3.3907957296143496,3
pathmnist,0.5,fedtriad,105,80.02832296935513,7.924546199546091,3
pathmnist,0.5,fedtriad,120,80.73191459987363,3.941314705406681,3
pathmnist,0.5,fedtriad,135,82.54565364338792,6.3646891317025585,3
pathmnist,0.5,fedtriad,150,82.20656639927913,5.046154608989988,3
pathmnist,0.5,fedtriad,165,81.74932926922509,5.784660159399915,3
pathmnist,0.5,fedtriad,180,82.18824610078869,3.69382866305988,3
pathmnist,0.5,fedtriad,195,84.5218610954743,5.567698595245042,3
pathmnist,0.5,fedtriad,210,84.5859655857287,5.198545123247818,3
pathmnist,0.5,fedtriad,225,84.99589020191864,4.455339008894791,3
pathmnist,0.5,fedtriad,240,85.43089059736204,4.184415781543724,3
pathmnist,0.5,fedtriad,255,84.24591879802135,5.037402193219307,3
pathmnist,0.5,fedtriad,270,84.5837455828644,5.283887763793439,3
pathmnist,0.5,fedtriad,285,84.14097745023028,6.008898077367798,3
pathmnist,0.5,fedtriad,300,84.88742083993583,5.346929592473916,3
bloodmnist,0.1,fedavg,1,5.607112096402929,2.457404061290877,3
bloodmnist,0.1,fedavg,15,27.765722336175497,3.3325842373169268,3
bloodmnist,0.1,fedavg,30,26.022848854145202,14.580417646271163,3
bloodmnist,0.1,fedavg,45,30.344002112241082,5.534318657342851,3
bloodmnist,0.1,fedavg,60,33.49216908939613,6.6869250604206405,3
bloodmnist,0.1,fedavg,75,38.20767655141388,1.4293269963889832,3
bloodmnist,0.1,fedavg,90,34.141825734085785,8.982668348821106,3
bloodmnist,0.1,fedavg,105,38.938337560290314,2.3219644613029033,3
bloodmnist,0.1,fedavg,120,34.21342264836271,13.32888199669681,3
bloodmnist,0.1,fedavg,135,30.09881382137683,4.299574488107467,3
bloodmnist,0.1,fedavg,150,37.68014921311018,7.042201739853108,3
bloodmnist,0.1,fedavg,165,39.71713876625534,2.424862442325529,3
bloodmnist,0.1,fedavg,180,37.13393364500494,7.638787353125342,3
bloodmnist,0.1,fedavg,195,45.31574609538801,3.735397532173693,3
bloodmnist,0.1,fedavg,210,41.547793355205755,4.299631603377052,3
bloodmnist,0.1,fedavg,225,43.521601144867816,6.84442293619322,3
bloodmnist,0.1,fedavg,240,42.97422454711018,4.155596617010926,3
bloodmnist,0.1,fedavg,255,42.32834308461293,5.220435842893021,3
bloodmnist,0.1,fedavg,270,43.84474788180302,4.637683243281885,3
bloodmnist,0.1,fedavg,285,44.51487499971307,5.821354178628935,3
bloodmnist,0.1,fedavg,300,45.138939692034576,4.2502440549781335,3
bloodmnist,0.1,fedpac,1,5.977428821468483,0.680649597338084,3
bloodmnist,0.1,fedpac,15,29.859938458615225,5.174631725080102,3
bloodmnist,0.1,fedpac,30,32.682625144718756,9.95239340022018,3
bloodmnist,0.1,fedpac,45,35.532895739357656,7.450741209358073,3
bloodmnist,0.1,fedpac,60,37.36850280779985,8.563333636796198,3
bloodmnist,0.1,fedpac,75,39.73407171349853,7.432862751870455,3
bloodmnist,0.1,fedpac,90,37.21266507362407,10.826528319974415,3
bloodmnist,0.1,fedpac,105,39.94277917217118,4.356413266922197,3
bloodmnist,0.1,fedpac,120,33.661527316439184,14.613313059156717,3
bloodmnist,0.1,fedpac,135,36.355099572099455,11.15019570139661,3
bloodmnist,0.1,fedpac,150,35.01430289046388,16.317431352647233,3
bloodmnist,0.1,fedpac,165,36.48345522057208,11.511013800026383,3
bloodmnist,0.1,fedpac,180,38.86641465299759,9.790049556813807,3
bloodmnist,0.1,fedpac,195,44.824889058731216,5.768324694486081,3
bloodmnist,0.1,fedpac,210,44.72519560733475,5.685317198857411,3
bloodmnist,0.1,fedpac,225,44.19237927977026,6.237302708563632,3
bloodmnist,0.1,fedpac,240,44.14043388313068,6.257018487652835,3
bloodmnist,0.1,fedpac,255,44.22221601540568,6.240491742936858,3
bloodmnist,0.1,fedpac,270,42.76555713863977,8.453248623487655,3
bloodmnist,0.1,fedpac,285,42.437277549365014,9.080240031111721,3
bloodmnist,0.1,fedpac,300,43.26872897916532,7.376667148166099,3
bloodmnist,0.1,fedsa,1,9.546767774166597,2.9979885427338115,3
bloodmnist,0.1,fedsa,15,22.520640791751607,6.954077822264609,3
bloodmnist,0.1,fedsa,30,24.46938617410041,13.399207004862856,3
bloodmnist,0.1,fedsa,45,31.154409056384452,7.173974111610456,3
bloodmnist,0.1,fedsa,60,27.82302363001146,15.204432950722222,3
bloodmnist,0.1,fedsa,75,33.20524275630325,12.684542604050487,3
bloodmnist,0.1,fedsa,90,33.441149504904104,9.875176340406826,3
bloodmnist,0.1,fedsa,105,34.31302655874749,0.38564902122761485,3
bloodmnist,0.1,fedsa,120,36.51554335744078,10.629495055533607,3
bloodmnist,0.1,fedsa,135,33.195995214054406,11.661515158611621,3
bloodmnist,0.1,fedsa,150,34.81274134358773,12.39588098443374,3
bloodmnist,0.1,fedsa,165,35.78956191774097,9.13202634165087,3
bloodmnist,0.1,fedsa,180,38.1059363518543,9.368680325098147,3
bloodmnist,0.1,fedsa,195,42.032228878210304,0.44922735527984436,3
bloodmnist,0.1,fedsa,210,42.19845893914826,8.133682397713908,3
bloodmnist,0.1,fedsa,225,38.677623450403125,9.874736093163197,3
bloodmnist,0.1,fedsa,240,43.21842991339816,6.340237868412082,3
bloodmnist,0.1,fedsa,255,41.61337103250298,6.968098564163582,3
bloodmnist,0.1,fedsa,270,41.834102997304655,6.939014874401156,3
bloodmnist,0.1,fedsa,285,39.39354389852215,5.879309406659458,3
bloodmnist,0.1,fedsa,300,41.5214977588401,8.101132242355613,3
bloodmnist,0.1,cwfedavg,1,7.4258837223767395,3.8036402738861397,3
bloodmnist,0.1,cwfedavg,15,26.514526823505367,4.4783229044175625,3
bloodmnist,0.1,cwfedavg,30,29.200859650418952,4.938189351842825,3
bloodmnist,0.1,cwfedavg,45,29.103809159543516,9.670137349897814,3
bloodmnist,0.1,cwfedavg,60,24.46724702567474,3.872101466888964,3
bloodmnist,0.1,cwfedavg,75,28.204899477363355,7.76379324906672,3
bloodmnist,0.1,cwfedavg,90,28.659591028756758,9.038333644829123,3
bloodmnist,0.1,cwfedavg,105,30.115066978594797,8.91083724016381,3
bloodmnist,0.1,cwfedavg,120,26.897674864333524,4.27880869612496,3
bloodmnist,0.1,cwfedavg,135,23.580731982630663,6.232838411397854,3
bloodmnist,0.1,cwfedavg,150,22.257708649805235,6.853313263591108,3
bloodmnist,0.1,cwfedavg,165,27.765558557037874,4.886245068035252,3
bloodmnist,0.1,cwfedavg,180,25.109395988637804,2.728887042974192,3
bloodmnist,0.1,cwfedavg,195,30.971027522275133,7.44847127660921,3
bloodmnist,0.1,cwfedavg,210,29.213020344159162,4.186401075703368,3
bloodmnist,0.1,cwfedavg,225,28.042947081936326,8.813965048755742,3
bloodmnist,0.1,cwfedavg,240,35.87441857008204,4.943063807048068,3
bloodmnist,0.1,cwfedavg,255,35.46768964364302,4.512013791853823,3
bloodmnist,0.1,cwfedavg,270,32.327805666816424,10.560825137894597,3
bloodmnist,0.1,cwfedavg,285,31.350833618891663,6.349403515802293,3
bloodmnist,0.1,cwfedavg,300,30.375346220667367,6.2749012383739995,3
bloodmnist,0.1,cwt,1,7.554221736205627,2.2212728883181194,3
bloodmnist,0.1,cwt,15,24.307148877176576,5.227291084985942,3
bloodmnist,0.1,cwt,30,27.534250063296803,5.83538138979349,3
bloodmnist,0.1,cwt,45,31.799891784102194,4.126621413619724,3
bloodmnist,0.1,cwt,60,32.5795885633339,3.4076581126810583,3
bloodmnist,0.1,cwt,75,28.85008487044256,9.30383329717094,3
bloodmnist,0.1,cwt,90,38.00818430099651,4.397423119965124,3
bloodmnist,0.1,cwt,105,34.53062479422134,3.60626518884662,3
bloodmnist,0.1,cwt,120,30.011980114762256,3.7277539270760602,3
bloodmnist,0.1,cwt,135,41.94098422737331,4.3416662689110135,3
bloodmnist,0.1,cwt,150,39.55394461751705,8.608111179934653,3
bloodmnist,0.1,cwt,165,38.33220540022512,4.989864042957397,3
bloodmnist,0.1,cwt,180,38.43194457170095,8.076323177081639,3
bloodmnist,0.1,cwt,195,44.30498264784076,6.477677967748488,3
bloodmnist,0.1,cwt,210,43.320363846002564,6.040357264545277,3
bloodmnist,0.1,cwt,225,41.24411176943644,6.651907954424784,3
bloodmnist,0.1,cwt,240,43.28920303491988,7.671468013763942,3
bloodmnist,0.1,cwt,255,43.033562513114795,6.456904897794278,3
bloodmnist,0.1,cwt,270,44.72616571520066,5.716178378763749,3
bloodmnist,0.1,cwt,285,44.17781472040256,7.0107388750513255,3
bloodmnist,0.1,cwt,300,44.13354175522199,3.5473214329223954,3
bloodmnist,0.1,fedseq,1,9.383223584978976,3.7522670087227317,3
bloodmnist,0.1,fedseq,15,24.695206168871326,4.776578357012038,3
bloodmnist,0.1,fedseq,30,33.42699323423328,3.725454248120103,3
bloodmnist,0.1,fedseq,45,31.349624383963658,3.9938794063068723,3
bloodmnist,0.1,fedseq,60,32.69581284928972,5.709082398307992,3
bloodmnist,0.1,fedseq,75,25.293041549221613,16.400391691387966,3
bloodmnist,0.1,fedseq,90,35.07041837328596,6.107830310459735,3
bloodmnist,0.1,fedseq,105,37.1219424861932,5.468429764775057,3
bloodmnist,0.1,fedseq,120,39.77267470786673,5.221075985673033,3
bloodmnist,0.1,fedseq,135,36.25791332947545,7.030466218523345,3
bloodmnist,0.1,fedseq,150,36.55324892819989,9.14793830642434,3
bloodmnist,0.1,fedseq,165,39.16266139822857,4.456631988284768,3
bloodmnist,0.1,fedseq,180,36.81943196760782,4.143579912639033,3
bloodmnist,0.1,fedseq,195,44.50474808387823,5.967529018305893,3
bloodmnist,0.1,fedseq,210,43.534551685078306,3.3693171520451903,3
bloodmnist,0.1,fedseq,225,42.27763882836823,5.94774877167308,3
bloodmnist,0.1,fedseq,240,43.47691732101726,5.424459888851496,3
bloodmnist,0.1,fedseq,255,41.57624855155435,5.698040763412787,3
bloodmnist,0.1,fedseq,270,44.07675914803013,4.437794540499451,3
bloodmnist,0.1,fedseq,285,44.35924160405448,7.069497700468414,3
bloodmnist,0.1,fedseq,300,46.855422445910165,3.8441917752277166,3
bloodmnist,0.1,fedtriad,1,8.219300017540387,2.413920843378352,3
bloodmnist,0.1,fedtriad,15,33.39634655921776,3.3135415894053435,3
bloodmnist,0.1,fedtriad,30,37.08649766384798,6.239562639589514,3
bloodmnist,0.1,fedtriad,45,39.99246304703202,3.4794496538147213,3
bloodmnist,0.1,fedtriad,60,41.20792104881602,5.679908203153353,3
bloodmnist,0.1,fedtriad,75,45.27651708038355,3.7664618125600353,3
bloodmnist,0.1,fedtriad,90,43.978728660311184,3.3596044601361656,3
bloodmnist,0.1,fedtriad,105,46.299487601439715,3.376794528354003,3
bloodmnist,0.1,fedtriad,120,45.62682122853153,4.045323212193899,3
bloodmnist,0.1,fedtriad,135,41.68743301279756,6.944508902784866,3
bloodmnist,0.1,fedtriad,150,44.3132163264344,5.394650280422652,3
bloodmnist,0.1,fedtriad,165,45.45624637407347,3.6419835927944675,3
bloodmnist,0.1,fedtriad,180,46.02998327249162,4.842145358912096,3
bloodmnist,0.1,fedtriad,195,48.848286610124276,3.4097587025586624,3
bloodmnist,0.1,fedtriad,210,48.2156054585403,4.3147666850933,3
bloodmnist,0.1,fedtriad,225,46.82108652556508,4.874942061652629,3
bloodmnist,0.1,fedtriad,240,47.588364969955464,3.142213594252755,3
bloodmnist,0.1,fedtriad,255,46.58193322812856,8.146129192238703,3
bloodmnist,0.1,fedtriad,270,47.37638220766435,6.369715788614149,3
bloodmnist,0.1,fedtriad,285,47.89620465454788,5.330142254445839,3
bloodmnist,0.1,fedtriad,300,47.97732049189455,4.000644030767733,3
organamnist,0.1,fedavg,1,7.179089682161297,5.467522412270246,3
organamnist,0.1,fedavg,15,36.97375257337024,3.5146234617460346,3
organamnist,0.1,fedavg,30,42.46439096633598,4.2763134593423615,3
organamnist,0.1,fedavg,45,43.030517310181736,3.569346620496066,3
organamnist,0.1,fedavg,60,41.22063669422504,9.620943996125309,3
organamnist,0.1,fedavg,75,41.514026777576895,10.29291481126293,3
organamnist,0.1,fedavg,90,45.23661533032426,6.918229354796416,3
organamnist,0.1,fedavg,105,46.46295913238605,5.078349298679763,3
organamnist,0.1,fedavg,120,48.540125735370864,4.263288520594585,3
organamnist,0.1,fedavg,135,46.82385668476904,4.524183500126772,3
organamnist,0.1,fedavg,150,47.62107020121475,5.057930167390827,3
organamnist,0.1,fedavg,165,47.19806729911319,3.7202662447537893,3
organamnist,0.1,fedavg,180,48.59400562628055,4.670650574838219,3
organamnist,0.1,fedavg,195,48.75906177161945,4.048565923998968,3
organamnist,0.1,fedavg,210,48.70116082494732,3.897235720217746,3
organamnist,0.1,fedavg,225,48.83669864531938,4.958438997639204,3
organamnist,0.1,fedavg,240,49.31513540400569,3.4282895210662034,3
organamnist,0.1,fedavg,255,48.55891328936482,4.018497499849998,3
organamnist,0.1,fedavg,270,49.75654146492673,3.8768958205665363,3
organamnist,0.1,fedavg,285,48.8168379568204,4.87174338058773,3
organamnist,0.1,fedavg,300,49.228846269891875,3.6445499460318134,3
organamnist,0.1,fedpac,1,8.389272567082216,1.7207775106497305,3
organamnist,0.1,fedpac,15,35.12269338101228,2.6168293530125406,3
organamnist,0.1,fedpac,30,39.6732351199775,5.587311042208433,3
organamnist,0.1,fedpac,45,42.53819125100804,3.7825030330568583,3
organamnist,0.1,fedpac,60,39.23503186152253,8.55017929192882,3
organamnist,0.1,fedpac,75,40.97173461260628,6.926145999075717,3
organamnist,0.1,fedpac,90,44.40175403631634,2.51014352170268,3
organamnist,0.1,fedpac,105,45.76097162049135,2.606635599992437,3
organamnist,0.1,fedpac,120,44.81795738669392,2.717864992294544,3
organamnist,0.1,fedpac,135,42.887617201162485,6.291931972151335,3
organamnist,0.1,fedpac,150,43.2527929006721,10.235379837412069,3
organamnist,0.1,fedpac,165,39.948195811197834,17.94521348791636,3
organamnist,0.1,fedpac,180,31.541410672178696,25.319325731878312,3
organamnist,0.1,fedpac,195,41.19331891348232,15.05397094073892,3
organamnist,0.1,fedpac,210,40.5524675401673,17.24751358807675,3
organamnist,0.1,fedpac,225,42.575981248212194,13.56849932043108,3
organamnist,0.1,fedpac,240,41.871634727063096,14.255768047477302,3
organamnist,0.1,fedpac,255,40.49508172818187,16.507439404020932,3
organamnist,0.1,fedpac,270,46.96206654744164,7.9586778284804245,3
organamnist,0.1,fedpac,285,47.526791614292364,6.82614817742769,3
organamnist,0.1,fedpac,300,46.407644867279274,6.850438539382004,3
organamnist,0.1,fedsa,1,12.030265424180078,5.110545585177707,3
organamnist,0.1,fedsa,15,31.40695153840661,5.475766955124651,3
organamnist,0.1,fedsa,30,35.76441786141531,6.562694292202481,3
organamnist,0.1,fedsa,45,37.95918697207237,1.3721686033068698,3
organamnist,0.1,fedsa,60,37.65129772624018,6.107316514421803,3
organamnist,0.1,fedsa,75,35.38706891077065,9.479366099265658,3
organamnist,0.1,fedsa,90,38.563571424825895,5.648374472746103,3
organamnist,0.1,fedsa,105,38.70747816377813,5.085715766461751,3
organamnist,0.1,fedsa,120,42.87843290329679,4.059215539449446,3
organamnist,0.1,fedsa,135,40.164990111896955,7.0602306794255245,3
organamnist,0.1,fedsa,150,42.80592681691428,1.7389874889980568,3
organamnist,0.1,fedsa,165,41.78741685345436,3.3302872098155016,3
organamnist,0.1,fedsa,180,43.74350112584624,3.5679966198153235,3
organamnist,0.1,fedsa,195,44.97622743578576,1.104631340261778,3
organamnist,0.1,fedsa,210,43.60345482326795,2.1678165721656644,3
organamnist,0.1,fedsa,225,47.15363178556865,0.46850205008605267,3
organamnist,0.1,fedsa,240,47.108659266817085,2.0589708488052803,3
organamnist,0.1,fedsa,255,45.301281598932235,1.5731940226290726,3
organamnist,0.1,fedsa,270,44.628538838980354,2.2545291531575353,3
organamnist,0.1,fedsa,285,46.16756479773011,1.6918752485555049,3
organamnist,0.1,fedsa,300,45.838582208943706,3.05075571305733,3
organamnist,0.1,cwfedavg,1,13.21272538985381,3.6416780761930534,3
organamnist,0.1,cwfedavg,15,28.135748742140954,3.409481823509229,3
organamnist,0.1,cwfedavg,30,32.66375803219597,4.856830874664535,3
organamnist,0.1,cwfedavg,45,31.89510318194731,6.663907874623388,3
organamnist,0.1,cwfedavg,60,27.657839881018216,7.4780787903567605,3
organamnist,0.1,cwfedavg,75,30.653277424160546,8.586062028695212,3
organamnist,0.1,cwfedavg,90,30.291755139825256,7.3332775893576345,3
organamnist,0.1,cwfedavg,105,35.858352614000125,4.698316583705317,3
organamnist,0.1,cwfedavg,120,27.479698279640647,3.398509168794393,3
organamnist,0.1,cwfedavg,135,33.42272933600064,9.348063284425738,3
organamnist,0.1,cwfedavg,150,29.372044527511456,8.233716661831306,3
organamnist,0.1,cwfedavg,165,32.40783746610028,8.005821229987884,3
organamnist,0.1,cwfedavg,180,30.043170513209645,8.228165268420202,3
organamnist,0.1,cwfedavg,195,33.128794437622545,7.478261468749493,3
organamnist,0.1,cwfedavg,210,30.856308049048423,11.853645889021358,3
organamnist,0.1,cwfedavg,225,33.871031328857235,6.084397033876692,3
organamnist,0.1,cwfedavg,240,29.10335710865846,9.443192984348046,3
organamnist,0.1,cwfedavg,255,31.466976347280895,9.22622521425565,3
organamnist,0.1,cwfedavg,270,33.78950692205204,7.8208720512015955,3
organamnist,0.1,cwfedavg,285,35.02544988379919,8.554892846508166,3
organamnist,0.1,cwfedavg,300,33.87202805018152,11.442146360197258,3
organamnist,0.1,cwt,1,4.679732786232332,4.107226860062624,3
organamnist,0.1,cwt,15,36.57971013295023,3.9524123094669092,3
organamnist,0.1,cwt,30,35.176838958085014,9.455552787067804,3
organamnist,0.1,cwt,45,42.089547634006124,4.339735849221579,3
organamnist,0.1,cwt,60,44.937183819420156,3.834320454178961,3
organamnist,0.1,cwt,75,47.19124709793935,3.200220054793731,3
organamnist,0.1,cwt,90,43.49858027552798,8.713423025602347,3
organamnist,0.1,cwt,105,46.83681374067547,3.4810439702591074,3
organamnist,0.1,cwt,120,47.578041554450074,4.773465221059764,3
organamnist,0.1,cwt,135,46.05970993295249,5.228851859335662,3
organamnist,0.1,cwt,150,39.271138515280846,16.51319863775463,3
organamnist,0.1,cwt,165,48.02318827594256,3.2726818426642925,3
organamnist,0.1,cwt,180,44.705781108980524,7.861780753729488,3
organamnist,0.1,cwt,195,48.661230588790616,3.7313057513672527,3
organamnist,0.1,cwt,210,49.0320954703904,2.861550518298601,3
organamnist,0.1,cwt,225,49.292403391096016,3.8449134321446525,3
organamnist,0.1,cwt,240,49.93801775544599,3.5996777756891203,3
organamnist,0.1,cwt,255,48.920505845382564,3.166059662593609,3
organamnist,0.1,cwt,270,49.02661127879513,3.2495288953358443,3
organamnist,0.1,cwt,285,50.1883731687223,2.4597434574477868,3
organamnist,0.1,cwt,300,48.71457091912828,3.6702697274951217,3
organamnist,0.1,fedseq,1,4.611892002349319,3.022733109031671,3
organamnist,0.1,fedseq,15,34.81546577295966,2.7060219658378353,3
organamnist,0.1,fedseq,30,39.655870775147044,7.3331940318704625,3
organamnist,0.1,fedseq,45,43.064002199931885,4.983986390606481,3
organamnist,0.1,fedseq,60,44.14321860959156,3.0277820101723987,3
organamnist,0.1,fedseq,75,44.16489634570159,4.742850013895575,3
organamnist,0.1,fedseq,90,44.385654177957214,5.030714344569817,3
organamnist,0.1,fedseq,105,42.30627015926691,8.453573893129848,3
organamnist,0.1,fedseq,120,47.40167131771805,5.557614902508394,3
organamnist,0.1,fedseq,135,47.5851517438879,3.7525954502948258,3
organamnist,0.1,fedseq,150,41.05900712631214,11.86284283735007,3
organamnist,0.1,fedseq,165,47.70037859315795,4.914634862366515,3
organamnist,0.1,fedseq,180,48.09438120683105,2.8086195198623867,3
organamnist,0.1,fedseq,195,48.47610095161407,4.759799794067857,3
organamnist,0.1,fedseq,210,50.14062357153704,3.095200963785485,3
organamnist,0.1,fedseq,225,48.849137054638945,4.979584102370823,3
organamnist,0.1,fedseq,240,48.83436088334995,3.33783120843734,3
organamnist,0.1,fedseq,255,48.86079555278061,3.02030557284808,3
organamnist,0.1,fedseq,270,49.28995963404663,3.219593227535945,3
organamnist,0.1,fedseq,285,48.98635667977259,3.646769837461068,3
organamnist,0.1,fedseq,300,49.4922021550247,3.131724193891595,3
organamnist,0.1,fedtriad,1,13.760276439655616,1.0159640856299677,3
organamnist,0.1,fedtriad,15,43.88451744353936,2.247175918006667,3
organamnist,0.1,fedtriad,30,49.25643534951552,1.977459650476181,3
organamnist,0.1,fedtriad,45,47.50563257858646,3.502698779422147,3
organamnist,0.1,fedtriad,60,50.48737004819463,3.1846248713533054,3
organamnist,0.1,fedtriad,75,50.11203564151984,3.25762070792445,3
organamnist,0.1,fedtriad,90,50.551386591221174,3.1246781565084465,3
organamnist,0.1,fedtriad,105,51.12069046426015,2.2392932228073876,3
organamnist,0.1,fedtriad,120,50.55123230314537,3.3873602752427954,3
organamnist,0.1,fedtriad,135,50.947453564138584,2.6369903967311203,3
organamnist,0.1,fedtriad,150,50.87896726149094,2.7660113353300604,3
organamnist,0.1,fedtriad,165,51.00042772746368,2.9246133542317394,3
organamnist,0.1,fedtriad,180,51.67138891504362,3.10690519973025,3
organamnist,0.1,fedtriad,195,51.359036323090194,3.3885571991066694,3
organamnist,0.1,fedtriad,210,51.108101145366426,3.2922917922910315,3
organamnist,0.1,fedtriad,225,51.29139307007582,2.6178075963033995,3
organamnist,0.1,fedtriad,240,51.14172510445258,2.748904097653693,3
organamnist,0.1,fedtriad,255,50.869396721989446,2.139111018891312,3
organamnist,0.1,fedtriad,270,52.06022528882898,3.1277865148689754,3
organamnist,0.1,fedtriad,285,52.142939838854076,2.9989488112862195,3
organamnist,0.1,fedtriad,300,51.760474793994945,3.0831515047507794,3
pathmnist,0.1,fedavg,1,11.056788910136634,2.451802184263859,3
pathmnist,0.1,fedavg,15,27.638947292408538,9.95125644055808,3
pathmnist,0.1,fedavg,30,32.69779682534073,6.118860359940549,3
pathmnist,0.1,fedavg,45,30.734395994995477,7.435220837474981,3
pathmnist,0.1,fedavg,60,35.41896132493565,12.627984204289119,3
pathmnist,0.1,fedavg,75,28.26584846239539,2.4492407635187,3
pathmnist,0.1,fedavg,90,36.096275073906,5.8962931028782615,3
pathmnist,0.1,fedavg,105,32.1656993722136,10.155385628569492,3
pathmnist,0.1,fedavg,120,37.82257132389399,10.676576235215776,3
pathmnist,0.1,fedavg,135,36.574959638038465,3.592226732788041,3
pathmnist,0.1,fedavg,150,39.59607764369724,12.54086280219701,3
pathmnist,0.1,fedavg,165,35.76670119702173,7.9368415640809316,3
pathmnist,0.1,fedavg,180,39.3465463000776,6.955819205747485,3
pathmnist,0.1,fedavg,195,41.142565391006684,6.796919867389988,3
pathmnist,0.1,fedavg,210,40.11448179918239,5.898846921587731,3
pathmnist,0.1,fedavg,225,40.600808133262454,11.023808953846356,3
pathmnist,0.1,fedavg,240,42.04322733619513,10.96433989730792,3
pathmnist,0.1,fedavg,255,40.80546452358645,9.45369226111838,3
pathmnist,0.1,fedavg,270,41.36919762610609,8.453025299021713,3
pathmnist,0.1,fedavg,285,39.901325227616454,10.13713392613266,3
pathmnist,0.1,fedavg,300,40.90891827544307,9.8063269681464,3
pathmnist,0.1,fedpac,1,13.267173927578193,1.1076660266334666,3
pathmnist,0.1,fedpac,15,35.28802801397196,6.8091981620150595,3
pathmnist,0.1,fedpac,30,36.58650720393955,6.74421677695148,3
pathmnist,0.1,fedpac,45,37.55914316198728,6.269820774059085,3
pathmnist,0.1,fedpac,60,40.179499857692655,7.079010142051297,3
pathmnist,0.1,fedpac,75,38.16940972420858,2.872721803207958,3
pathmnist,0.1,fedpac,90,40.276931450740946,5.96376678174036,3
pathmnist,0.1,fedpac,105,41.51511735790647,7.437990442555971,3
pathmnist,0.1,fedpac,120,42.15634180952828,8.155818073366458,3
pathmnist,0.1,fedpac,135,42.056593361118935,6.85046410565502,3
pathmnist,0.1,fedpac,150,41.84300295714131,8.184967210809262,3
pathmnist,0.1,fedpac,165,43.431545477963056,9.253676104648951,3
pathmnist,0.1,fedpac,180,42.19937608677672,7.385187295159693,3
pathmnist,0.1,fedpac,195,43.921390421864054,8.35527907511786,3
pathmnist,0.1,fedpac,210,43.707166499838266,8.154911398686744,3
pathmnist,0.1,fedpac,225,43.43058351687495,7.923802816272012,3
pathmnist,0.1,fedpac,240,43.95902520913031,8.580748189375315,3
pathmnist,0.1,fedpac,255,43.9918654559839,8.451224285733492,3
pathmnist,0.1,fedpac,270,43.796972667763065,8.309341397684678,3
pathmnist,0.1,fedpac,285,43.83817246127089,8.489315918165449,3
pathmnist,0.1,fedpac,300,43.46835367540514,8.672939882308748,3
pathmnist,0.1,fedsa,1,14.843514310085816,4.294531196197787,3
pathmnist,0.1,fedsa,15,31.41794479463165,4.138500855883759,3
pathmnist,0.1,fedsa,30,34.15618469179207,10.399968418718851,3
pathmnist,0.1,fedsa,45,34.52937466880604,9.952000467620007,3
pathmnist,0.1,fedsa,60,34.408810564366824,4.1724069202925165,3
pathmnist,0.1,fedsa,75,39.05168132790699,5.914240824093,3
pathmnist,0.1,fedsa,90,35.70721630764911,7.579274991269598,3
pathmnist,0.1,fedsa,105,33.97561075924745,2.872162735500861,3
pathmnist,0.1,fedsa,120,37.39700671647061,7.22195587379853,3
pathmnist,0.1,fedsa,135,38.77508050812686,9.382477793532413,3
pathmnist,0.1,fedsa,150,38.39842554106167,5.100034361601877,3
pathmnist,0.1,fedsa,165,37.28850861428581,2.195574212263538,3
pathmnist,0.1,fedsa,180,41.180503615391636,3.9112423331266717,3
pathmnist,0.1,fedsa,195,42.355764113560554,3.646555076104669,3
pathmnist,0.1,fedsa,210,41.79862946365213,4.500496115408964,3
pathmnist,0.1,fedsa,225,43.17426826187702,7.845895133303036,3
pathmnist,0.1,fedsa,240,43.34407124138981,8.965763710956839,3
pathmnist,0.1,fedsa,255,39.93430021789241,6.185215424692976,3
pathmnist,0.1,fedsa,270,39.426425736580455,5.956671716710733,3
pathmnist,0.1,fedsa,285,42.634670695597336,6.698121116898058,3
pathmnist,0.1,fedsa,300,41.543571564035375,9.78128716991544,3
pathmnist,0.1,cwfedavg,1,14.913139870098858,1.74514860510007,3
pathmnist,0.1,cwfedavg,15,24.41747573135179,3.421812831621353,3
pathmnist,0.1,cwfedavg,30,28.434197904178024,5.1585257827555075,3
pathmnist,0.1,cwfedavg,45,30.966028872945024,7.141516935296591,3
pathmnist,0.1,cwfedavg,60,26.98601145341577,9.526046675902819,3
pathmnist,0.1,cwfedavg,75,25.489057378433927,3.8921189710282795,3
pathmnist,0.1,cwfedavg,90,26.857254747058253,8.954229175091706,3
pathmnist,0.1,cwfedavg,105,31.287851283700082,8.336607103685559,3
pathmnist,0.1,cwfedavg,120,27.024476989027736,5.187533851172743,3
pathmnist,0.1,cwfedavg,135,29.943223110602432,10.372488100927471,3
pathmnist,0.1,cwfedavg,150,29.695392482884156,9.86505787465036,3
pathmnist,0.1,cwfedavg,165,34.558319014726436,8.086295366484306,3
pathmnist,0.1,cwfedavg,180,31.65645088875913,0.5959433269351162,3
pathmnist,0.1,cwfedavg,195,34.022623738518554,10.407268595944974,3
pathmnist,0.1,cwfedavg,210,33.82118368735318,8.048474298993925,3
pathmnist,0.1,cwfedavg,225,34.31261046136201,12.406791676172745,3
pathmnist,0.1,cwfedavg,240,30.632924127432624,6.6747078229471475,3
pathmnist,0.1,cwfedavg,255,27.760583848344766,3.970344997065495,3
pathmnist,0.1,cwfedavg,270,31.194540383135962,9.542596564914753,3
pathmnist,0.1,cwfedavg,285,28.85026549775092,10.644073065642823,3
pathmnist,0.1,cwfedavg,300,31.72383942513785,10.265763118915107,3
pathmnist,0.1,cwt,1,13.925462559237472,2.2415347404630697,3
pathmnist,0.1,cwt,15,17.29739147540354,8.077981336103914,3
pathmnist,0.1,cwt,30,27.689862151695362,2.4662837517463005,3
pathmnist,0.1,cwt,45,23.753699443748264,12.006474228716739,3
pathmnist,0.1,cwt,60,19.951068008835087,12.258694894912404,3
pathmnist,0.1,cwt,75,17.7909257134669,12.619459715493532,3
pathmnist,0.1,cwt,90,24.94464081586471,8.77302056325065,3
pathmnist,0.1,cwt,105,31.62652696670769,10.656393226819217,3
pathmnist,0.1,cwt,120,28.25232586515109,14.352706071796035,3
pathmnist,0.1,cwt,135,28.11753295149365,7.460971400175622,3
pathmnist,0.1,cwt,150,29.46190572038789,8.312541654852726,3
pathmnist,0.1,cwt,165,33.6880099684782,13.074949655613091,3
pathmnist,0.1,cwt,180,31.633315024776604,5.056346726976046,3
pathmnist,0.1,cwt,195,33.508883231293964,16.813778486657906,3
pathmnist,0.1,cwt,210,35.912132580013434,7.6796032817034,3
pathmnist,0.1,cwt,225,32.62804087517644,10.609468184790614,3
pathmnist,0.1,cwt,240,35.63867231002589,6.735152865517406,3
pathmnist,0.1,cwt,255,34.507820020417995,6.73225293087363,3
pathmnist,0.1,cwt,270,37.22113070926778,18.43675310944882,3
pathmnist,0.1,cwt,285,37.48060160331757,11.227452770630682,3
pathmnist,0.1,cwt,300,31.53344519655327,18.027029309492978,3
pathmnist,0.1,fedseq,1,15.487870111005403,4.444967294520365,3
pathmnist,0.1,fedseq,15,20.917788236063867,13.249105267716706,3
pathmnist,0.1,fedseq,30,24.882838454883323,8.500950223247042,3
pathmnist,0.1,fedseq,45,21.76428151641255,7.526089514187526,3
pathmnist,0.1,fedseq,60,27.24379788577026,15.230516325834976,3
pathmnist,0.1,fedseq,75,16.936225276572735,5.990103418549459,3
pathmnist,0.1,fedseq,90,28.640676954677282,5.297887647662606,3
pathmnist,0.1,fedseq,105,34.25498364777863,8.174055167422575,3
pathmnist,0.1,fedseq,120,27.825168556715813,15.35923367290904,3
pathmnist,0.1,fedseq,135,30.35120504696663,8.510090888976505,3
pathmnist,0.1,fedseq,150,31.4495867022846,5.384854530424354,3
pathmnist,0.1,fedseq,165,31.033431668348804,2.4264239603038913,3
pathmnist,0.1,fedseq,180,30.674406239356564,8.448515031564174,3
pathmnist,0.1,fedseq,195,39.71191029070616,8.708382381146869,3
pathmnist,0.1,fedseq,210,40.06068851567253,11.60391549442186,3
pathmnist,0.1,fedseq,225,32.356331407989025,12.897217051952088,3
pathmnist,0.1,fedseq,240,38.615600876388584,6.952749258892485,3
pathmnist,0.1,fedseq,255,38.31005093135545,7.964022639138063,3
pathmnist,0.1,fedseq,270,38.82014233764346,15.863891006036228,3
pathmnist,0.1,fedseq,285,39.16268802963322,11.459405238988783,3
pathmnist,0.1,fedseq,300,35.07095867646861,14.622933243795218,3
pathmnist,0.1,fedtriad,1,19.084013229719297,1.8769537956893307,3
pathmnist,0.1,fedtriad,15,37.91538669992623,6.55404339133502,3
pathmnist,0.1,fedtriad,30,41.49003968546321,5.1204108101181625,3
pathmnist,0.1,fedtriad,45,42.71297764581439,4.523367445669126,3
pathmnist,0.1,fedtriad,60,42.8456868840606,8.25862485558708,3
pathmnist,0.1,fedtriad,75,45.08713143714236,7.641575397832949,3
pathmnist,0.1,fedtriad,90,43.407782964420065,6.928328829509048,3
pathmnist,0.1,fedtriad,105,44.515028460307406,7.208576295205216,3
pathmnist,0.1,fedtriad,120,44.538952361959225,7.843384117220222,3
pathmnist,0.1,fedtriad,135,44.81670767589328,7.193835858953929,3
pathmnist,0.1,fedtriad,150,45.99915120557223,7.110885672700026,3
pathmnist,0.1,fedtriad,165,45.60250329146797,6.046074477896007,3
pathmnist,0.1,fedtriad,180,45.6213722442147,8.079075231604623,3
pathmnist,0.1,fedtriad,195,46.88995791811849,6.881903506827292,3
pathmnist,0.1,fedtriad,210,46.706071998002585,6.072841096560396,3
pathmnist,0.1,fedtriad,225,47.632672950476916,7.987803862795053,3
pathmnist,0.1,fedtriad,240,47.237216188999035,7.525076946881632,3
pathmnist,0.1,fedtriad,255,48.739122706065835,7.959634757399696,3
pathmnist,0.1,fedtriad,270,48.437171527037286,7.18954649973822,3
pathmnist,0.1,fedtriad,285,47.672133467521,5.637807094128955,3
pathmnist,0.1,fedtriad,300,47.84889986405747,8.622971947801163,3
